ppl,r_hat,n_eff,n_eff/time
stan,1.038626149650548,151.5185546875,30.98571969633438
