ppl,r_hat,n_eff,n_eff/time
stan,1.0138337044567673,319.153076171875,148.22426246077572
