ppl,r_hat,n_eff,n_eff/time
stan,1.0202070525426414,305.07562255859375,209.98165404995595
