ppl,r_hat,n_eff,n_eff/time
stan,4.255636189062269,7.9600701332092285,2.577969377045084
