ppl,r_hat,n_eff,n_eff/time
stan,1.013578647960996,390.18548583984375,241.30257663617104
